n_qubits,layers,gates_per_sample,batch_size,repeats,einsum_batched_contract_median_seconds,einsum_loop_contract_median_seconds,einsum_contract_speedup,pennylane_batched_state_median_seconds,pennylane_loop_state_median_seconds,pennylane_state_speedup,einsum_batched_contract_per_sample_ms,pennylane_batched_state_per_sample_ms
8,8,312,1,5,0.013875041040591896,0.012110415962524712,0.8728201903760346,0.014613584033213556,0.011080958996899426,0.7582642951732287,13.875041040591896,14.613584033213556
8,8,312,2,5,0.014065457973629236,0.024005083017982543,1.7066691367596214,0.015789250028319657,0.022189917042851448,1.4053813197619602,7.032728986814618,7.894625014159828
8,8,312,4,5,0.04895616602152586,0.04789529205299914,0.978330125605419,0.017512707971036434,0.04454458400141448,2.543557745328991,12.239041505381465,4.3781769927591085
8,8,312,8,5,0.08625229191966355,0.09877716691698879,1.1452120832799557,0.020860624965280294,0.08832887501921505,4.234239154686237,10.781536489957944,2.607578120660037
8,8,312,16,5,0.15400045807473361,0.19176008400972933,1.245191646875957,0.027726041967980564,0.17860624997410923,6.441822824201621,9.625028629670851,1.7328776229987852
8,8,312,32,5,0.14404366596136242,0.3854239590000361,2.6757438893801857,0.04042029206175357,0.37583212507888675,9.298105132558062,4.501364561292576,1.263134126929799
