n_qubits,layers,gates_per_sample,batch_size,repeats,einsum_batched_convert_median_seconds,einsum_loop_convert_median_seconds,einsum_convert_speedup,pennylane_batched_state_median_seconds,pennylane_loop_state_median_seconds,pennylane_state_speedup,einsum_batched_convert_per_sample_ms,pennylane_batched_state_per_sample_ms
8,8,312,1,5,0.0076853749342262745,0.00580725003965199,0.7556235173107576,0.015174958040006459,0.010958292055875063,0.7221299740655097,7.6853749342262745,15.174958040006459
8,8,312,2,5,0.006672749994322658,0.011049292050302029,1.6558828158859604,0.01566129201091826,0.022967500030063093,1.4665137470172522,3.336374997161329,7.83064600545913
8,8,312,4,5,0.006574416998773813,0.02208941604476422,3.3599049237193337,0.017749875085428357,0.043837124947458506,2.4697145606081645,1.6436042496934533,4.437468771357089
8,8,312,8,5,0.006572082987986505,0.044877749984152615,6.828542802363768,0.021290041971951723,0.08931141707580537,4.194985486335231,0.8215103734983131,2.6612552464939654
8,8,312,16,5,0.006989666959270835,0.09954004199244082,14.241027873354481,0.0692085410701111,0.20020091603510082,2.8927197848642563,0.4368541849544272,4.3255338168819435
8,8,312,32,5,0.006792917032726109,0.2022315829526633,29.770948471529387,0.041981875081546605,0.3728555829729885,8.881346587038927,0.2122786572726909,1.3119335962983314
