n_qubits,layers,gates,repeats,median_seconds,mean_seconds,min_seconds,max_seconds
4,5,95,7,0.0017376659670844674,0.0017665295495784708,0.0016915840096771717,0.0019121660152450204
6,8,232,7,0.0042366249253973365,0.00425271425462727,0.0040969999972730875,0.004520207992754877
8,12,468,7,0.00817454094067216,0.011751196563376911,0.008042083936743438,0.03269749996252358
10,16,784,7,0.014390667085535824,0.014429535600356758,0.013912791037000716,0.015320833073928952
12,20,1180,7,0.021012375014834106,0.024298803598087813,0.020880499971099198,0.043618750059977174
14,24,1656,7,0.02965570893138647,0.0332051192776167,0.02887037501204759,0.05435745790600777
